{
    "accuracy": 0.9736842105263158,
    "classification_report": {
        "0": {
            "precision": 0.9761904761904762,
            "recall": 0.9534883720930233,
            "f1-score": 0.9647058823529412,
            "support": 43.0
        },
        "1": {
            "precision": 0.9722222222222222,
            "recall": 0.9859154929577465,
            "f1-score": 0.9790209790209791,
            "support": 71.0
        },
        "accuracy": 0.9736842105263158,
        "macro avg": {
            "precision": 0.9742063492063492,
            "recall": 0.9697019325253848,
            "f1-score": 0.9718634306869601,
            "support": 114.0
        },
        "weighted avg": {
            "precision": 0.9737190197716513,
            "recall": 0.9736842105263158,
            "f1-score": 0.973621425014614,
            "support": 114.0
        }
    }
}